{
  "PGS002249": {
    "n_variants": 249248,
    "pgscalc_sum": 108.7561,
    "correction": 3.771399999999993,
    "corrected_score": 112.5275,
    "eur_mean": 116.00885974025974,
    "eur_std": 17.208486719989107,
    "z": -0.20230481604264722,
    "empirical_pct": 42.2077922077922,
    "user_score": 140.6,
    "user_pct": 87,
    "n_missing": 178036,
    "n_eff_ref": 2733
  },
  "PGS000002": {
    "n_variants": 77,
    "pgscalc_sum": 0.524557,
    "correction": 0.24124383554038453,
    "corrected_score": 0.7658008355403846,
    "eur_mean": 0.5096357241935066,
    "eur_std": 0.4807065524952907,
    "z": 0.532892905281102,
    "empirical_pct": 71.16883116883118,
    "user_score": 0.9513,
    "user_pct": 84,
    "n_missing": 36,
    "n_eff_ref": 2
  },
  "PGS000001": {
    "n_variants": 77,
    "pgscalc_sum": 0.40124899999999997,
    "correction": 0.2485671006869375,
    "corrected_score": 0.6498161006869374,
    "eur_mean": 0.5208477068571429,
    "eur_std": 0.42892352317178256,
    "z": 0.30067922802672464,
    "empirical_pct": 61.298701298701296,
    "user_score": 0.7931,
    "user_pct": 77,
    "n_missing": 36,
    "n_eff_ref": 2
  },
  "PGS004228": {
    "n_variants": 8863,
    "pgscalc_sum": -4.0769,
    "correction": -15.51180000000001,
    "corrected_score": -19.58870000000001,
    "eur_mean": -20.784077922077923,
    "eur_std": 3.125933643873807,
    "z": 0.3824066849341509,
    "empirical_pct": 65.1948051948052,
    "user_score": -19.45,
    "user_pct": 73,
    "n_missing": 4492,
    "n_eff_ref": 1915
  },
  "PGS000018": {
    "n_variants": 1745179,
    "pgscalc_sum": 9.15401,
    "correction": -9.838603985478162,
    "corrected_score": -0.6845939854781626,
    "eur_mean": -0.3197469553792207,
    "eur_std": 0.5417418048572403,
    "z": -0.6734703263210162,
    "empirical_pct": 23.896103896103895,
    "user_score": -0.3186,
    "user_pct": 51,
    "n_missing": 1249879,
    "n_eff_ref": 1105573
  },
  "PGS004590": {
    "n_variants": 363,
    "pgscalc_sum": -0.0406,
    "correction": -3.370800000000002,
    "corrected_score": -3.4114000000000018,
    "eur_mean": -3.283497012987013,
    "eur_std": 0.6554165017828432,
    "z": -0.19514764529893772,
    "empirical_pct": 43.63636363636363,
    "user_score": -3.215,
    "user_pct": 49,
    "n_missing": 184,
    "n_eff_ref": 183
  },
  "PGS002035": {
    "n_variants": 39752,
    "pgscalc_sum": -9.423409999999999e-05,
    "correction": 0.0,
    "corrected_score": -9.423409999999999e-05,
    "eur_mean": 0.0019112232426766232,
    "eur_std": 0.0028780220806095052,
    "z": -0.696817914007077,
    "empirical_pct": 46.883116883116884,
    "user_score": -9.423e-05,
    "user_pct": 20,
    "n_missing": 18848,
    "n_eff_ref": 0
  },
  "PGS000003": {
    "n_variants": 77,
    "pgscalc_sum": -0.1570722,
    "correction": 0.26499489157133,
    "corrected_score": 0.10792269157133,
    "eur_mean": 0.44123003166233765,
    "eur_std": 0.3799007277030424,
    "z": -0.8773537816214569,
    "empirical_pct": 18.83116883116883,
    "user_score": 0.0772,
    "user_pct": 17,
    "n_missing": 36,
    "n_eff_ref": 2
  },
  "PGS002280": {
    "n_variants": 83,
    "pgscalc_sum": 2.5178000000000003,
    "correction": 1.9053999999999998,
    "corrected_score": 4.4232,
    "eur_mean": 5.17699961038961,
    "eur_std": 0.33787467443302827,
    "z": -2.231003586328353,
    "empirical_pct": 1.2987012987012987,
    "user_score": 4.745,
    "user_pct": 15,
    "n_missing": 40,
    "n_eff_ref": 13
  },
  "PGS005170": {
    "n_variants": 1320229,
    "pgscalc_sum": 2.3138199999999998,
    "correction": -0.1713310266688148,
    "corrected_score": 2.142488973331185,
    "eur_mean": 2.477346792207792,
    "eur_std": 0.20318284652575244,
    "z": -1.6480614609076525,
    "empirical_pct": 5.324675324675324,
    "user_score": 2.15,
    "user_pct": 8,
    "n_missing": 704192,
    "n_eff_ref": 34735
  },
  "PGS000039": {
    "n_variants": 3225583,
    "pgscalc_sum": 1.285808,
    "correction": 0.009994647147999997,
    "corrected_score": 1.295802647148,
    "eur_mean": 1.9376404805194805,
    "eur_std": 0.28019859653680934,
    "z": -2.2906532770129813,
    "empirical_pct": 0.9090909090909091,
    "user_score": 12.53,
    "user_pct": 8,
    "n_missing": 2112273,
    "n_eff_ref": 56582
  },
  "PGS003992": {
    "n_variants": 1136212,
    "pgscalc_sum": -0.1337651,
    "correction": -0.10912011150105579,
    "corrected_score": -0.2428852115010558,
    "eur_mean": -0.012716981140259742,
    "eur_std": 0.14078179074612743,
    "z": -1.634928985779558,
    "empirical_pct": 4.415584415584416,
    "user_score": -0.2424,
    "user_pct": 4,
    "n_missing": 535637,
    "n_eff_ref": 35022
  },
  "PGS004008": {
    "n_variants": 5663,
    "pgscalc_sum": -0.1040576,
    "correction": -0.27227400674405616,
    "corrected_score": -0.3763316067440562,
    "eur_mean": -0.18655002591688313,
    "eur_std": 0.11156794865835927,
    "z": -1.7010403355924175,
    "empirical_pct": 1.8181818181818181,
    "user_score": -0.3733,
    "user_pct": 3,
    "n_missing": 2735,
    "n_eff_ref": 194
  },
  "PGS002753": {
    "n_variants": 1092011,
    "pgscalc_sum": -0.5350113,
    "correction": -0.010028390257520003,
    "corrected_score": -0.54503969025752,
    "eur_mean": -0.25713847323376626,
    "eur_std": 0.11175842593544086,
    "z": -2.576103006229389,
    "empirical_pct": 0.2597402597402597,
    "user_score": -0.5427,
    "user_pct": "< 1",
    "n_missing": 515880,
    "n_eff_ref": 667
  }
}